"Page","Input"
"/index.html","<input name=""name"" type=""text"" placeholder=""Name"" required class=""cs-input"" id=""name-485"">"
"/index.html","<input name=""phone"" type=""text"" placeholder=""Phone"" required class=""cs-input"" id=""phone-485"">"
"/index.html","<input name=""email"" type=""email"" placeholder=""Email"" required class=""cs-input"" id=""email-485"">"
"/index.html","<input name=""referral-source"" type=""text"" placeholder=""Google, company truck, or referral"" class=""cs-input"" id=""find-485"">"
"/index.html","<select name=""service"" id=""cs-select-485"">"
"/index.html","<input name=""name"" type=""text"" placeholder=""Name"" required style=""padding:.75rem;border:1px solid #ddd;border-radius:4px"">"
"/index.html","<input name=""email"" type=""email"" placeholder=""Email"" required style=""padding:.75rem;border:1px solid #ddd;border-radius:4px"">"
"/index.html","<input name=""phone"" type=""tel"" placeholder=""Phone"" required style=""padding:.75rem;border:1px solid #ddd;border-radius:4px"">"
"/index.html","<select name=""service"" style=""padding:.75rem;border:1px solid #ddd;border-radius:4px"">"
"/about/index.html","<input name=""name"" type=""text"" placeholder=""Name"" required class=""cs-input"" id=""name-485"">"
"/about/index.html","<input name=""phone"" type=""text"" placeholder=""Phone"" required class=""cs-input"" id=""phone-485"">"
"/about/index.html","<input name=""email"" type=""email"" placeholder=""Email"" required class=""cs-input"" id=""email-485"">"
"/about/index.html","<input name=""referral-source"" type=""text"" placeholder=""Google, company truck, or referral"" class=""cs-input"" id=""find-485"">"
"/about/index.html","<select name=""service"" id=""cs-select-485"">"
"/about/index.html","<input name=""name"" type=""text"" placeholder=""Name"" required style=""padding:.75rem;border:1px solid #ddd;border-radius:4px"">"
"/about/index.html","<input name=""email"" type=""email"" placeholder=""Email"" required style=""padding:.75rem;border:1px solid #ddd;border-radius:4px"">"
"/about/index.html","<input name=""phone"" type=""tel"" placeholder=""Phone"" required style=""padding:.75rem;border:1px solid #ddd;border-radius:4px"">"
"/about/index.html","<select name=""service"" style=""padding:.75rem;border:1px solid #ddd;border-radius:4px"">"
"/blog/index.html","<input name=""name"" type=""text"" placeholder=""Name"" required style=""padding:.75rem;border:1px solid #ddd;border-radius:4px"">"
"/blog/index.html","<input name=""email"" type=""email"" placeholder=""Email"" required style=""padding:.75rem;border:1px solid #ddd;border-radius:4px"">"
"/blog/index.html","<input name=""phone"" type=""tel"" placeholder=""Phone"" required style=""padding:.75rem;border:1px solid #ddd;border-radius:4px"">"
"/blog/index.html","<select name=""service"" style=""padding:.75rem;border:1px solid #ddd;border-radius:4px"">"
"/blog/acuti-modo/index.html","<input type=""text"" name=""name"" placeholder=""Name"" required style=""padding: 0.75rem; border: 1px solid #ddd; border-radius: 4px;"">"
"/blog/acuti-modo/index.html","<input type=""email"" name=""email"" placeholder=""Email"" required style=""padding: 0.75rem; border: 1px solid #ddd; border-radius: 4px;"">"
"/blog/acuti-modo/index.html","<input type=""tel"" name=""phone"" placeholder=""Phone"" required style=""padding: 0.75rem; border: 1px solid #ddd; border-radius: 4px;"">"
"/blog/acuti-modo/index.html","<textarea name=""message"" placeholder=""Send Message"" style=""padding: 0.75rem; border: 1px solid #ddd; border-radius: 4px; min-height: 100px; resize: vertical; font-family: inherit;"">"
"/blog/acuti-modo/index.html","<select name=""service"" style=""padding: 0.75rem; border: 1px solid #ddd; border-radius: 4px;"">"
"/blog/best-mulch-edmonton/index.html","<input name=""name"" type=""text"" placeholder=""Name"" required style=""padding:.75rem;border:1px solid #ddd;border-radius:4px"">"
"/blog/best-mulch-edmonton/index.html","<input name=""email"" type=""email"" placeholder=""Email"" required style=""padding:.75rem;border:1px solid #ddd;border-radius:4px"">"
"/blog/best-mulch-edmonton/index.html","<input name=""phone"" type=""tel"" placeholder=""Phone"" required style=""padding:.75rem;border:1px solid #ddd;border-radius:4px"">"
"/blog/best-mulch-edmonton/index.html","<select name=""service"" style=""padding:.75rem;border:1px solid #ddd;border-radius:4px"">"
"/blog/best-time-install-sod-edmonton/index.html","<input name=""name"" type=""text"" placeholder=""Name"" required style=""padding:.75rem;border:1px solid #ddd;border-radius:4px"">"
"/blog/best-time-install-sod-edmonton/index.html","<input name=""email"" type=""email"" placeholder=""Email"" required style=""padding:.75rem;border:1px solid #ddd;border-radius:4px"">"
"/blog/best-time-install-sod-edmonton/index.html","<input name=""phone"" type=""tel"" placeholder=""Phone"" required style=""padding:.75rem;border:1px solid #ddd;border-radius:4px"">"
"/blog/best-time-install-sod-edmonton/index.html","<select name=""service"" style=""padding:.75rem;border:1px solid #ddd;border-radius:4px"">"
"/blog/canitiem-saxa/index.html","<input type=""text"" name=""name"" placeholder=""Name"" required style=""padding: 0.75rem; border: 1px solid #ddd; border-radius: 4px;"">"
"/blog/canitiem-saxa/index.html","<input type=""email"" name=""email"" placeholder=""Email"" required style=""padding: 0.75rem; border: 1px solid #ddd; border-radius: 4px;"">"
"/blog/canitiem-saxa/index.html","<input type=""tel"" name=""phone"" placeholder=""Phone"" required style=""padding: 0.75rem; border: 1px solid #ddd; border-radius: 4px;"">"
"/blog/canitiem-saxa/index.html","<select name=""service"" style=""padding: 0.75rem; border: 1px solid #ddd; border-radius: 4px;"">"
"/blog/choose-landscaper-edmonton/index.html","<input name=""name"" type=""text"" placeholder=""Name"" required style=""padding:.75rem;border:1px solid #ddd;border-radius:4px"">"
"/blog/choose-landscaper-edmonton/index.html","<input name=""email"" type=""email"" placeholder=""Email"" required style=""padding:.75rem;border:1px solid #ddd;border-radius:4px"">"
"/blog/choose-landscaper-edmonton/index.html","<input name=""phone"" type=""tel"" placeholder=""Phone"" required style=""padding:.75rem;border:1px solid #ddd;border-radius:4px"">"
"/blog/choose-landscaper-edmonton/index.html","<select name=""service"" style=""padding:.75rem;border:1px solid #ddd;border-radius:4px"">"
"/blog/final-grading-edmonton/index.html","<input name=""name"" type=""text"" placeholder=""Name"" required style=""padding:.75rem;border:1px solid #ddd;border-radius:4px"">"
"/blog/final-grading-edmonton/index.html","<input name=""email"" type=""email"" placeholder=""Email"" required style=""padding:.75rem;border:1px solid #ddd;border-radius:4px"">"
"/blog/final-grading-edmonton/index.html","<input name=""phone"" type=""tel"" placeholder=""Phone"" required style=""padding:.75rem;border:1px solid #ddd;border-radius:4px"">"
"/blog/final-grading-edmonton/index.html","<select name=""service"" style=""padding:.75rem;border:1px solid #ddd;border-radius:4px"">"
"/blog/lawn-problems-edmonton/index.html","<input name=""name"" type=""text"" placeholder=""Name"" required style=""padding:.75rem;border:1px solid #ddd;border-radius:4px"">"
"/blog/lawn-problems-edmonton/index.html","<input name=""email"" type=""email"" placeholder=""Email"" required style=""padding:.75rem;border:1px solid #ddd;border-radius:4px"">"
"/blog/lawn-problems-edmonton/index.html","<input name=""phone"" type=""tel"" placeholder=""Phone"" required style=""padding:.75rem;border:1px solid #ddd;border-radius:4px"">"
"/blog/lawn-problems-edmonton/index.html","<select name=""service"" style=""padding:.75rem;border:1px solid #ddd;border-radius:4px"">"
"/blog/patio-cost-edmonton/index.html","<input name=""name"" type=""text"" placeholder=""Name"" required style=""padding:.75rem;border:1px solid #ddd;border-radius:4px"">"
"/blog/patio-cost-edmonton/index.html","<input name=""email"" type=""email"" placeholder=""Email"" required style=""padding:.75rem;border:1px solid #ddd;border-radius:4px"">"
"/blog/patio-cost-edmonton/index.html","<input name=""phone"" type=""tel"" placeholder=""Phone"" required style=""padding:.75rem;border:1px solid #ddd;border-radius:4px"">"
"/blog/patio-cost-edmonton/index.html","<select name=""service"" style=""padding:.75rem;border:1px solid #ddd;border-radius:4px"">"
"/blog/prepare-snow-removal-edmonton/index.html","<input name=""name"" type=""text"" placeholder=""Name"" required style=""padding:.75rem;border:1px solid #ddd;border-radius:4px"">"
"/blog/prepare-snow-removal-edmonton/index.html","<input name=""email"" type=""email"" placeholder=""Email"" required style=""padding:.75rem;border:1px solid #ddd;border-radius:4px"">"
"/blog/prepare-snow-removal-edmonton/index.html","<input name=""phone"" type=""tel"" placeholder=""Phone"" required style=""padding:.75rem;border:1px solid #ddd;border-radius:4px"">"
"/blog/prepare-snow-removal-edmonton/index.html","<select name=""service"" style=""padding:.75rem;border:1px solid #ddd;border-radius:4px"">"
"/blog/retaining-wall-cost-edmonton/index.html","<input name=""name"" type=""text"" placeholder=""Name"" required style=""padding:.75rem;border:1px solid #ddd;border-radius:4px"">"
"/blog/retaining-wall-cost-edmonton/index.html","<input name=""email"" type=""email"" placeholder=""Email"" required style=""padding:.75rem;border:1px solid #ddd;border-radius:4px"">"
"/blog/retaining-wall-cost-edmonton/index.html","<input name=""phone"" type=""tel"" placeholder=""Phone"" required style=""padding:.75rem;border:1px solid #ddd;border-radius:4px"">"
"/blog/retaining-wall-cost-edmonton/index.html","<select name=""service"" style=""padding:.75rem;border:1px solid #ddd;border-radius:4px"">"
"/blog/spring-lawn-care-edmonton/index.html","<input name=""name"" type=""text"" placeholder=""Name"" required style=""padding:.75rem;border:1px solid #ddd;border-radius:4px"">"
"/blog/spring-lawn-care-edmonton/index.html","<input name=""email"" type=""email"" placeholder=""Email"" required style=""padding:.75rem;border:1px solid #ddd;border-radius:4px"">"
"/blog/spring-lawn-care-edmonton/index.html","<input name=""phone"" type=""tel"" placeholder=""Phone"" required style=""padding:.75rem;border:1px solid #ddd;border-radius:4px"">"
"/blog/spring-lawn-care-edmonton/index.html","<select name=""service"" style=""padding:.75rem;border:1px solid #ddd;border-radius:4px"">"
"/blog/sucos-creati/index.html","<input type=""text"" name=""name"" placeholder=""Name"" required style=""padding: 0.75rem; border: 1px solid #ddd; border-radius: 4px;"">"
"/blog/sucos-creati/index.html","<input type=""email"" name=""email"" placeholder=""Email"" required style=""padding: 0.75rem; border: 1px solid #ddd; border-radius: 4px;"">"
"/blog/sucos-creati/index.html","<input type=""tel"" name=""phone"" placeholder=""Phone"" required style=""padding: 0.75rem; border: 1px solid #ddd; border-radius: 4px;"">"
"/blog/sucos-creati/index.html","<textarea name=""message"" placeholder=""Send Message"" style=""padding: 0.75rem; border: 1px solid #ddd; border-radius: 4px; min-height: 100px; resize: vertical; font-family: inherit;"">"
"/blog/sucos-creati/index.html","<select name=""service"" style=""padding: 0.75rem; border: 1px solid #ddd; border-radius: 4px;"">"
"/commercial/index.html","<input name=""name"" type=""text"" placeholder=""Name"" required class=""cs-input"" id=""name-485"">"
"/commercial/index.html","<input name=""phone"" type=""text"" placeholder=""Phone"" required class=""cs-input"" id=""phone-485"">"
"/commercial/index.html","<input name=""email"" type=""email"" placeholder=""Email"" required class=""cs-input"" id=""email-485"">"
"/commercial/index.html","<input name=""referral-source"" type=""text"" placeholder=""Google, company truck, or referral"" class=""cs-input"" id=""find-485"">"
"/commercial/index.html","<select name=""service"" id=""cs-select-485"">"
"/commercial/index.html","<input name=""name"" type=""text"" placeholder=""Name"" required style=""padding:.75rem;border:1px solid #ddd;border-radius:4px"">"
"/commercial/index.html","<input name=""email"" type=""email"" placeholder=""Email"" required style=""padding:.75rem;border:1px solid #ddd;border-radius:4px"">"
"/commercial/index.html","<input name=""phone"" type=""tel"" placeholder=""Phone"" required style=""padding:.75rem;border:1px solid #ddd;border-radius:4px"">"
"/commercial/index.html","<select name=""service"" style=""padding:.75rem;border:1px solid #ddd;border-radius:4px"">"
"/commercial/commercial-landscaping/index.html","<input name=""name"" type=""text"" placeholder=""Name"" required class=""cs-input"" id=""name-485"">"
"/commercial/commercial-landscaping/index.html","<input name=""phone"" type=""text"" placeholder=""Phone"" required class=""cs-input"" id=""phone-485"">"
"/commercial/commercial-landscaping/index.html","<input name=""email"" type=""email"" placeholder=""Email"" required class=""cs-input"" id=""email-485"">"
"/commercial/commercial-landscaping/index.html","<input name=""referral-source"" type=""text"" placeholder=""Google, company truck, or referral"" class=""cs-input"" id=""find-485"">"
"/commercial/commercial-landscaping/index.html","<select name=""service"" id=""cs-select-485"">"
"/commercial/commercial-landscaping/index.html","<input name=""name"" type=""text"" placeholder=""Name"" required style=""padding:.75rem;border:1px solid #ddd;border-radius:4px"">"
"/commercial/commercial-landscaping/index.html","<input name=""email"" type=""email"" placeholder=""Email"" required style=""padding:.75rem;border:1px solid #ddd;border-radius:4px"">"
"/commercial/commercial-landscaping/index.html","<input name=""phone"" type=""tel"" placeholder=""Phone"" required style=""padding:.75rem;border:1px solid #ddd;border-radius:4px"">"
"/commercial/commercial-landscaping/index.html","<select name=""service"" style=""padding:.75rem;border:1px solid #ddd;border-radius:4px"">"
"/commercial/commercial-maintenance/index.html","<input name=""name"" type=""text"" placeholder=""Name"" required class=""cs-input"" id=""name-485"">"
"/commercial/commercial-maintenance/index.html","<input name=""phone"" type=""text"" placeholder=""Phone"" required class=""cs-input"" id=""phone-485"">"
"/commercial/commercial-maintenance/index.html","<input name=""email"" type=""email"" placeholder=""Email"" required class=""cs-input"" id=""email-485"">"
"/commercial/commercial-maintenance/index.html","<input name=""referral-source"" type=""text"" placeholder=""Google, company truck, or referral"" class=""cs-input"" id=""find-485"">"
"/commercial/commercial-maintenance/index.html","<select name=""service"" id=""cs-select-485"">"
"/commercial/commercial-maintenance/index.html","<input name=""name"" type=""text"" placeholder=""Name"" required style=""padding:.75rem;border:1px solid #ddd;border-radius:4px"">"
"/commercial/commercial-maintenance/index.html","<input name=""email"" type=""email"" placeholder=""Email"" required style=""padding:.75rem;border:1px solid #ddd;border-radius:4px"">"
"/commercial/commercial-maintenance/index.html","<input name=""phone"" type=""tel"" placeholder=""Phone"" required style=""padding:.75rem;border:1px solid #ddd;border-radius:4px"">"
"/commercial/commercial-maintenance/index.html","<select name=""service"" style=""padding:.75rem;border:1px solid #ddd;border-radius:4px"">"
"/commercial/commercial-snow-removal/index.html","<input name=""name"" type=""text"" placeholder=""Name"" required class=""cs-input"" id=""name-485"">"
"/commercial/commercial-snow-removal/index.html","<input name=""phone"" type=""text"" placeholder=""Phone"" required class=""cs-input"" id=""phone-485"">"
"/commercial/commercial-snow-removal/index.html","<input name=""email"" type=""email"" placeholder=""Email"" required class=""cs-input"" id=""email-485"">"
"/commercial/commercial-snow-removal/index.html","<input name=""referral-source"" type=""text"" placeholder=""Google, company truck, or referral"" class=""cs-input"" id=""find-485"">"
"/commercial/commercial-snow-removal/index.html","<select name=""service"" id=""cs-select-485"">"
"/commercial/commercial-snow-removal/index.html","<input name=""name"" type=""text"" placeholder=""Name"" required style=""padding:.75rem;border:1px solid #ddd;border-radius:4px"">"
"/commercial/commercial-snow-removal/index.html","<input name=""email"" type=""email"" placeholder=""Email"" required style=""padding:.75rem;border:1px solid #ddd;border-radius:4px"">"
"/commercial/commercial-snow-removal/index.html","<input name=""phone"" type=""tel"" placeholder=""Phone"" required style=""padding:.75rem;border:1px solid #ddd;border-radius:4px"">"
"/commercial/commercial-snow-removal/index.html","<select name=""service"" style=""padding:.75rem;border:1px solid #ddd;border-radius:4px"">"
"/contact/index.html","<input name=""bot-field"" autocomplete=""off"">"
"/contact/index.html","<input name=""name"" type=""text"" placeholder=""Name"" required id=""name-265"">"
"/contact/index.html","<input name=""email"" type=""email"" placeholder=""Email"" required id=""email-265"" autocomplete=""email"">"
"/contact/index.html","<input name=""phone"" type=""tel"" placeholder=""Phone"" required id=""phone-265"" autocomplete=""tel"">"
"/contact/index.html","<input name=""address"" type=""text"" placeholder=""12345 55 St"" id=""address-265"">"
"/contact/index.html","<input name=""find-us"" type=""text"" placeholder=""Google, Facebook, Referral, etc."" id=""find-265"">"
"/contact/index.html","<textarea id=""message-265"" name=""Message"" placeholder=""What landscaping services are you interested in? (landscape design, lawn maintenance, patio, snow removal, etc.)"" required>"
"/contact/index.html","<input name=""name"" type=""text"" placeholder=""Name"" required style=""padding:.75rem;border:1px solid #ddd;border-radius:4px"">"
"/contact/index.html","<input name=""email"" type=""email"" placeholder=""Email"" required style=""padding:.75rem;border:1px solid #ddd;border-radius:4px"">"
"/contact/index.html","<input name=""phone"" type=""tel"" placeholder=""Phone"" required style=""padding:.75rem;border:1px solid #ddd;border-radius:4px"">"
"/contact/index.html","<select name=""service"" style=""padding:.75rem;border:1px solid #ddd;border-radius:4px"">"
"/final-grading/edmonton/index.html","<input class=""cs-input"" required type=""text"" id=""name-485"" name=""name"" placeholder=""Name"">"
"/final-grading/edmonton/index.html","<input class=""cs-input"" required type=""text"" id=""phone-485"" name=""phone"" placeholder=""Phone"">"
"/final-grading/edmonton/index.html","<input class=""cs-input"" required type=""email"" id=""email-485"" name=""email"" placeholder=""Email"">"
"/final-grading/edmonton/index.html","<input class=""cs-input"" type=""text"" id=""find-485"" name=""referral-source"" placeholder=""Google, company truck, or referral"">"
"/final-grading/edmonton/index.html","<select name=""service"" id=""cs-select-485"">"
"/final-grading/edmonton/index.html","<input type=""text"" name=""name"" placeholder=""Name"" required style=""padding: 0.75rem; border: 1px solid #ddd; border-radius: 4px;"">"
"/final-grading/edmonton/index.html","<input type=""email"" name=""email"" placeholder=""Email"" required style=""padding: 0.75rem; border: 1px solid #ddd; border-radius: 4px;"">"
"/final-grading/edmonton/index.html","<input type=""tel"" name=""phone"" placeholder=""Phone"" required style=""padding: 0.75rem; border: 1px solid #ddd; border-radius: 4px;"">"
"/final-grading/edmonton/index.html","<select name=""service"" style=""padding: 0.75rem; border: 1px solid #ddd; border-radius: 4px;"">"
"/final-grading/sherwood-park/index.html","<input name=""name"" type=""text"" placeholder=""Name"" required class=""cs-input"" id=""name-485"">"
"/final-grading/sherwood-park/index.html","<input name=""phone"" type=""text"" placeholder=""Phone"" required class=""cs-input"" id=""phone-485"">"
"/final-grading/sherwood-park/index.html","<input name=""email"" type=""email"" placeholder=""Email"" required class=""cs-input"" id=""email-485"">"
"/final-grading/sherwood-park/index.html","<input name=""referral-source"" type=""text"" placeholder=""Google, company truck, or referral"" class=""cs-input"" id=""find-485"">"
"/final-grading/sherwood-park/index.html","<select name=""service"" id=""cs-select-485"">"
"/final-grading/sherwood-park/index.html","<input name=""name"" type=""text"" placeholder=""Name"" required style=""padding:.75rem;border:1px solid #ddd;border-radius:4px"">"
"/final-grading/sherwood-park/index.html","<input name=""email"" type=""email"" placeholder=""Email"" required style=""padding:.75rem;border:1px solid #ddd;border-radius:4px"">"
"/final-grading/sherwood-park/index.html","<input name=""phone"" type=""tel"" placeholder=""Phone"" required style=""padding:.75rem;border:1px solid #ddd;border-radius:4px"">"
"/final-grading/sherwood-park/index.html","<select name=""service"" style=""padding:.75rem;border:1px solid #ddd;border-radius:4px"">"
"/final-grading/st-albert/index.html","<input name=""name"" type=""text"" placeholder=""Name"" required class=""cs-input"" id=""name-485"">"
"/final-grading/st-albert/index.html","<input name=""phone"" type=""text"" placeholder=""Phone"" required class=""cs-input"" id=""phone-485"">"
"/final-grading/st-albert/index.html","<input name=""email"" type=""email"" placeholder=""Email"" required class=""cs-input"" id=""email-485"">"
"/final-grading/st-albert/index.html","<input name=""referral-source"" type=""text"" placeholder=""Google, company truck, or referral"" class=""cs-input"" id=""find-485"">"
"/final-grading/st-albert/index.html","<select name=""service"" id=""cs-select-485"">"
"/final-grading/st-albert/index.html","<input name=""name"" type=""text"" placeholder=""Name"" required style=""padding:.75rem;border:1px solid #ddd;border-radius:4px"">"
"/final-grading/st-albert/index.html","<input name=""email"" type=""email"" placeholder=""Email"" required style=""padding:.75rem;border:1px solid #ddd;border-radius:4px"">"
"/final-grading/st-albert/index.html","<input name=""phone"" type=""tel"" placeholder=""Phone"" required style=""padding:.75rem;border:1px solid #ddd;border-radius:4px"">"
"/final-grading/st-albert/index.html","<select name=""service"" style=""padding:.75rem;border:1px solid #ddd;border-radius:4px"">"
"/hardscaping/edmonton/index.html","<input class=""cs-input"" required type=""text"" id=""name-485"" name=""name"" placeholder=""Name"">"
"/hardscaping/edmonton/index.html","<input class=""cs-input"" required type=""text"" id=""phone-485"" name=""phone"" placeholder=""Phone"">"
"/hardscaping/edmonton/index.html","<input class=""cs-input"" required type=""email"" id=""email-485"" name=""email"" placeholder=""Email"">"
"/hardscaping/edmonton/index.html","<input class=""cs-input"" type=""text"" id=""find-485"" name=""referral-source"" placeholder=""Google, company truck, or referral"">"
"/hardscaping/edmonton/index.html","<select name=""service"" id=""cs-select-485"">"
"/hardscaping/edmonton/index.html","<input type=""text"" name=""name"" placeholder=""Name"" required style=""padding: 0.75rem; border: 1px solid #ddd; border-radius: 4px;"">"
"/hardscaping/edmonton/index.html","<input type=""email"" name=""email"" placeholder=""Email"" required style=""padding: 0.75rem; border: 1px solid #ddd; border-radius: 4px;"">"
"/hardscaping/edmonton/index.html","<input type=""tel"" name=""phone"" placeholder=""Phone"" required style=""padding: 0.75rem; border: 1px solid #ddd; border-radius: 4px;"">"
"/hardscaping/edmonton/index.html","<select name=""service"" style=""padding: 0.75rem; border: 1px solid #ddd; border-radius: 4px;"">"
"/hardscaping/st-albert/index.html","<input name=""name"" type=""text"" placeholder=""Name"" required class=""cs-input"" id=""name-485"">"
"/hardscaping/st-albert/index.html","<input name=""phone"" type=""text"" placeholder=""Phone"" required class=""cs-input"" id=""phone-485"">"
"/hardscaping/st-albert/index.html","<input name=""email"" type=""email"" placeholder=""Email"" required class=""cs-input"" id=""email-485"">"
"/hardscaping/st-albert/index.html","<input name=""referral-source"" type=""text"" placeholder=""Google, company truck, or referral"" class=""cs-input"" id=""find-485"">"
"/hardscaping/st-albert/index.html","<select name=""service"" id=""cs-select-485"">"
"/hardscaping/st-albert/index.html","<input name=""name"" type=""text"" placeholder=""Name"" required style=""padding:.75rem;border:1px solid #ddd;border-radius:4px"">"
"/hardscaping/st-albert/index.html","<input name=""email"" type=""email"" placeholder=""Email"" required style=""padding:.75rem;border:1px solid #ddd;border-radius:4px"">"
"/hardscaping/st-albert/index.html","<input name=""phone"" type=""tel"" placeholder=""Phone"" required style=""padding:.75rem;border:1px solid #ddd;border-radius:4px"">"
"/hardscaping/st-albert/index.html","<select name=""service"" style=""padding:.75rem;border:1px solid #ddd;border-radius:4px"">"
"/locations/edmonton/index.html","<input name=""name"" type=""text"" placeholder=""Name"" required class=""cs-input"" id=""name-485"">"
"/locations/edmonton/index.html","<input name=""phone"" type=""text"" placeholder=""Phone"" required class=""cs-input"" id=""phone-485"">"
"/locations/edmonton/index.html","<input name=""email"" type=""email"" placeholder=""Email"" required class=""cs-input"" id=""email-485"">"
"/locations/edmonton/index.html","<input name=""referral-source"" type=""text"" placeholder=""Google, company truck, or referral"" class=""cs-input"" id=""find-485"">"
"/locations/edmonton/index.html","<select name=""service"" id=""cs-select-485"">"
"/locations/edmonton/index.html","<input name=""name"" type=""text"" placeholder=""Name"" required style=""padding:.75rem;border:1px solid #ddd;border-radius:4px"">"
"/locations/edmonton/index.html","<input name=""email"" type=""email"" placeholder=""Email"" required style=""padding:.75rem;border:1px solid #ddd;border-radius:4px"">"
"/locations/edmonton/index.html","<input name=""phone"" type=""tel"" placeholder=""Phone"" required style=""padding:.75rem;border:1px solid #ddd;border-radius:4px"">"
"/locations/edmonton/index.html","<select name=""service"" style=""padding:.75rem;border:1px solid #ddd;border-radius:4px"">"
"/locations/sherwood-park/index.html","<input name=""name"" type=""text"" placeholder=""Name"" required class=""cs-input"" id=""name-485"">"
"/locations/sherwood-park/index.html","<input name=""phone"" type=""text"" placeholder=""Phone"" required class=""cs-input"" id=""phone-485"">"
"/locations/sherwood-park/index.html","<input name=""email"" type=""email"" placeholder=""Email"" required class=""cs-input"" id=""email-485"">"
"/locations/sherwood-park/index.html","<input name=""referral-source"" type=""text"" placeholder=""Google, company truck, or referral"" class=""cs-input"" id=""find-485"">"
"/locations/sherwood-park/index.html","<select name=""service"" id=""cs-select-485"">"
"/locations/sherwood-park/index.html","<input name=""name"" type=""text"" placeholder=""Name"" required style=""padding:.75rem;border:1px solid #ddd;border-radius:4px"">"
"/locations/sherwood-park/index.html","<input name=""email"" type=""email"" placeholder=""Email"" required style=""padding:.75rem;border:1px solid #ddd;border-radius:4px"">"
"/locations/sherwood-park/index.html","<input name=""phone"" type=""tel"" placeholder=""Phone"" required style=""padding:.75rem;border:1px solid #ddd;border-radius:4px"">"
"/locations/sherwood-park/index.html","<select name=""service"" style=""padding:.75rem;border:1px solid #ddd;border-radius:4px"">"
"/locations/spruce-grove/index.html","<input type=""text"" name=""name"" placeholder=""Name"" required style=""padding: 0.75rem; border: 1px solid #ddd; border-radius: 4px;"">"
"/locations/spruce-grove/index.html","<input type=""email"" name=""email"" placeholder=""Email"" required style=""padding: 0.75rem; border: 1px solid #ddd; border-radius: 4px;"">"
"/locations/spruce-grove/index.html","<input type=""tel"" name=""phone"" placeholder=""Phone"" required style=""padding: 0.75rem; border: 1px solid #ddd; border-radius: 4px;"">"
"/locations/spruce-grove/index.html","<select name=""service"" style=""padding: 0.75rem; border: 1px solid #ddd; border-radius: 4px;"">"
"/locations/st-albert/index.html","<input name=""name"" type=""text"" placeholder=""Name"" required class=""cs-input"" id=""name-485"">"
"/locations/st-albert/index.html","<input name=""phone"" type=""text"" placeholder=""Phone"" required class=""cs-input"" id=""phone-485"">"
"/locations/st-albert/index.html","<input name=""email"" type=""email"" placeholder=""Email"" required class=""cs-input"" id=""email-485"">"
"/locations/st-albert/index.html","<input name=""referral-source"" type=""text"" placeholder=""Google, company truck, or referral"" class=""cs-input"" id=""find-485"">"
"/locations/st-albert/index.html","<select name=""service"" id=""cs-select-485"">"
"/locations/st-albert/index.html","<input name=""name"" type=""text"" placeholder=""Name"" required style=""padding:.75rem;border:1px solid #ddd;border-radius:4px"">"
"/locations/st-albert/index.html","<input name=""email"" type=""email"" placeholder=""Email"" required style=""padding:.75rem;border:1px solid #ddd;border-radius:4px"">"
"/locations/st-albert/index.html","<input name=""phone"" type=""tel"" placeholder=""Phone"" required style=""padding:.75rem;border:1px solid #ddd;border-radius:4px"">"
"/locations/st-albert/index.html","<select name=""service"" style=""padding:.75rem;border:1px solid #ddd;border-radius:4px"">"
"/locations/stony-plain/index.html","<input type=""text"" name=""name"" placeholder=""Name"" required style=""padding: 0.75rem; border: 1px solid #ddd; border-radius: 4px;"">"
"/locations/stony-plain/index.html","<input type=""email"" name=""email"" placeholder=""Email"" required style=""padding: 0.75rem; border: 1px solid #ddd; border-radius: 4px;"">"
"/locations/stony-plain/index.html","<input type=""tel"" name=""phone"" placeholder=""Phone"" required style=""padding: 0.75rem; border: 1px solid #ddd; border-radius: 4px;"">"
"/locations/stony-plain/index.html","<select name=""service"" style=""padding: 0.75rem; border: 1px solid #ddd; border-radius: 4px;"">"
"/paving-stones/edmonton/index.html","<input class=""cs-input"" required type=""text"" id=""name-485"" name=""name"" placeholder=""Name"">"
"/paving-stones/edmonton/index.html","<input class=""cs-input"" required type=""text"" id=""phone-485"" name=""phone"" placeholder=""Phone"">"
"/paving-stones/edmonton/index.html","<input class=""cs-input"" required type=""email"" id=""email-485"" name=""email"" placeholder=""Email"">"
"/paving-stones/edmonton/index.html","<input class=""cs-input"" type=""text"" id=""find-485"" name=""referral-source"" placeholder=""Google, company truck, or referral"">"
"/paving-stones/edmonton/index.html","<select name=""service"" id=""cs-select-485"">"
"/paving-stones/edmonton/index.html","<input type=""text"" name=""name"" placeholder=""Name"" required style=""padding: 0.75rem; border: 1px solid #ddd; border-radius: 4px;"">"
"/paving-stones/edmonton/index.html","<input type=""email"" name=""email"" placeholder=""Email"" required style=""padding: 0.75rem; border: 1px solid #ddd; border-radius: 4px;"">"
"/paving-stones/edmonton/index.html","<input type=""tel"" name=""phone"" placeholder=""Phone"" required style=""padding: 0.75rem; border: 1px solid #ddd; border-radius: 4px;"">"
"/paving-stones/edmonton/index.html","<select name=""service"" style=""padding: 0.75rem; border: 1px solid #ddd; border-radius: 4px;"">"
"/paving-stones/st-albert/index.html","<input name=""name"" type=""text"" placeholder=""Name"" required class=""cs-input"" id=""name-485"">"
"/paving-stones/st-albert/index.html","<input name=""phone"" type=""text"" placeholder=""Phone"" required class=""cs-input"" id=""phone-485"">"
"/paving-stones/st-albert/index.html","<input name=""email"" type=""email"" placeholder=""Email"" required class=""cs-input"" id=""email-485"">"
"/paving-stones/st-albert/index.html","<input name=""referral-source"" type=""text"" placeholder=""Google, company truck, or referral"" class=""cs-input"" id=""find-485"">"
"/paving-stones/st-albert/index.html","<select name=""service"" id=""cs-select-485"">"
"/paving-stones/st-albert/index.html","<input name=""name"" type=""text"" placeholder=""Name"" required style=""padding:.75rem;border:1px solid #ddd;border-radius:4px"">"
"/paving-stones/st-albert/index.html","<input name=""email"" type=""email"" placeholder=""Email"" required style=""padding:.75rem;border:1px solid #ddd;border-radius:4px"">"
"/paving-stones/st-albert/index.html","<input name=""phone"" type=""tel"" placeholder=""Phone"" required style=""padding:.75rem;border:1px solid #ddd;border-radius:4px"">"
"/paving-stones/st-albert/index.html","<select name=""service"" style=""padding:.75rem;border:1px solid #ddd;border-radius:4px"">"
"/portfolio/index.html","<input name=""name"" type=""text"" placeholder=""Name"" required class=""cs-input"" id=""name-485"">"
"/portfolio/index.html","<input name=""phone"" type=""text"" placeholder=""Phone"" required class=""cs-input"" id=""phone-485"">"
"/portfolio/index.html","<input name=""email"" type=""email"" placeholder=""Email"" required class=""cs-input"" id=""email-485"">"
"/portfolio/index.html","<input name=""referral-source"" type=""text"" placeholder=""Google, company truck, or referral"" class=""cs-input"" id=""find-485"">"
"/portfolio/index.html","<select name=""service"" id=""cs-select-485"">"
"/portfolio/index.html","<input name=""name"" type=""text"" placeholder=""Name"" required style=""padding:.75rem;border:1px solid #ddd;border-radius:4px"">"
"/portfolio/index.html","<input name=""email"" type=""email"" placeholder=""Email"" required style=""padding:.75rem;border:1px solid #ddd;border-radius:4px"">"
"/portfolio/index.html","<input name=""phone"" type=""tel"" placeholder=""Phone"" required style=""padding:.75rem;border:1px solid #ddd;border-radius:4px"">"
"/portfolio/index.html","<select name=""service"" style=""padding:.75rem;border:1px solid #ddd;border-radius:4px"">"
"/residential/index.html","<input name=""name"" type=""text"" placeholder=""Name"" required class=""cs-input"" id=""name-485"">"
"/residential/index.html","<input name=""phone"" type=""text"" placeholder=""Phone"" required class=""cs-input"" id=""phone-485"">"
"/residential/index.html","<input name=""email"" type=""email"" placeholder=""Email"" required class=""cs-input"" id=""email-485"">"
"/residential/index.html","<input name=""referral-source"" type=""text"" placeholder=""Google, company truck, or referral"" class=""cs-input"" id=""find-485"">"
"/residential/index.html","<select name=""service"" id=""cs-select-485"">"
"/residential/index.html","<input name=""name"" type=""text"" placeholder=""Name"" required style=""padding:.75rem;border:1px solid #ddd;border-radius:4px"">"
"/residential/index.html","<input name=""email"" type=""email"" placeholder=""Email"" required style=""padding:.75rem;border:1px solid #ddd;border-radius:4px"">"
"/residential/index.html","<input name=""phone"" type=""tel"" placeholder=""Phone"" required style=""padding:.75rem;border:1px solid #ddd;border-radius:4px"">"
"/residential/index.html","<select name=""service"" style=""padding:.75rem;border:1px solid #ddd;border-radius:4px"">"
"/services/artificial-grass/index.html","<input name=""name"" type=""text"" placeholder=""Name"" required class=""cs-input"" id=""name-485"">"
"/services/artificial-grass/index.html","<input name=""phone"" type=""text"" placeholder=""Phone"" required class=""cs-input"" id=""phone-485"">"
"/services/artificial-grass/index.html","<input name=""email"" type=""email"" placeholder=""Email"" required class=""cs-input"" id=""email-485"">"
"/services/artificial-grass/index.html","<input name=""referral-source"" type=""text"" placeholder=""Google, company truck, or referral"" class=""cs-input"" id=""find-485"">"
"/services/artificial-grass/index.html","<select name=""service"" id=""cs-select-485"">"
"/services/artificial-grass/index.html","<input name=""name"" type=""text"" placeholder=""Name"" required style=""padding:.75rem;border:1px solid #ddd;border-radius:4px"">"
"/services/artificial-grass/index.html","<input name=""email"" type=""email"" placeholder=""Email"" required style=""padding:.75rem;border:1px solid #ddd;border-radius:4px"">"
"/services/artificial-grass/index.html","<input name=""phone"" type=""tel"" placeholder=""Phone"" required style=""padding:.75rem;border:1px solid #ddd;border-radius:4px"">"
"/services/artificial-grass/index.html","<select name=""service"" style=""padding:.75rem;border:1px solid #ddd;border-radius:4px"">"
"/services/fences/index.html","<input name=""name"" type=""text"" placeholder=""Name"" required class=""cs-input"" id=""name-485"">"
"/services/fences/index.html","<input name=""phone"" type=""text"" placeholder=""Phone"" required class=""cs-input"" id=""phone-485"">"
"/services/fences/index.html","<input name=""email"" type=""email"" placeholder=""Email"" required class=""cs-input"" id=""email-485"">"
"/services/fences/index.html","<input name=""referral-source"" type=""text"" placeholder=""Google, company truck, or referral"" class=""cs-input"" id=""find-485"">"
"/services/fences/index.html","<select name=""service"" id=""cs-select-485"">"
"/services/fences/index.html","<input name=""name"" type=""text"" placeholder=""Name"" required style=""padding:.75rem;border:1px solid #ddd;border-radius:4px"">"
"/services/fences/index.html","<input name=""email"" type=""email"" placeholder=""Email"" required style=""padding:.75rem;border:1px solid #ddd;border-radius:4px"">"
"/services/fences/index.html","<input name=""phone"" type=""tel"" placeholder=""Phone"" required style=""padding:.75rem;border:1px solid #ddd;border-radius:4px"">"
"/services/fences/index.html","<select name=""service"" style=""padding:.75rem;border:1px solid #ddd;border-radius:4px"">"
"/services/final-grading/index.html","<input name=""name"" type=""text"" placeholder=""Name"" required class=""cs-input"" id=""name-485"">"
"/services/final-grading/index.html","<input name=""phone"" type=""text"" placeholder=""Phone"" required class=""cs-input"" id=""phone-485"">"
"/services/final-grading/index.html","<input name=""email"" type=""email"" placeholder=""Email"" required class=""cs-input"" id=""email-485"">"
"/services/final-grading/index.html","<input name=""referral-source"" type=""text"" placeholder=""Google, company truck, or referral"" class=""cs-input"" id=""find-485"">"
"/services/final-grading/index.html","<select name=""service"" id=""cs-select-485"">"
"/services/final-grading/index.html","<input name=""name"" type=""text"" placeholder=""Name"" required style=""padding:.75rem;border:1px solid #ddd;border-radius:4px"">"
"/services/final-grading/index.html","<input name=""email"" type=""email"" placeholder=""Email"" required style=""padding:.75rem;border:1px solid #ddd;border-radius:4px"">"
"/services/final-grading/index.html","<input name=""phone"" type=""tel"" placeholder=""Phone"" required style=""padding:.75rem;border:1px solid #ddd;border-radius:4px"">"
"/services/final-grading/index.html","<select name=""service"" style=""padding:.75rem;border:1px solid #ddd;border-radius:4px"">"
"/services/hardscaping/index.html","<input name=""name"" type=""text"" placeholder=""Name"" required class=""cs-input"" id=""name-485"">"
"/services/hardscaping/index.html","<input name=""phone"" type=""text"" placeholder=""Phone"" required class=""cs-input"" id=""phone-485"">"
"/services/hardscaping/index.html","<input name=""email"" type=""email"" placeholder=""Email"" required class=""cs-input"" id=""email-485"">"
"/services/hardscaping/index.html","<input name=""referral-source"" type=""text"" placeholder=""Google, company truck, or referral"" class=""cs-input"" id=""find-485"">"
"/services/hardscaping/index.html","<select name=""service"" id=""cs-select-485"">"
"/services/hardscaping/index.html","<input name=""name"" type=""text"" placeholder=""Name"" required style=""padding:.75rem;border:1px solid #ddd;border-radius:4px"">"
"/services/hardscaping/index.html","<input name=""email"" type=""email"" placeholder=""Email"" required style=""padding:.75rem;border:1px solid #ddd;border-radius:4px"">"
"/services/hardscaping/index.html","<input name=""phone"" type=""tel"" placeholder=""Phone"" required style=""padding:.75rem;border:1px solid #ddd;border-radius:4px"">"
"/services/hardscaping/index.html","<select name=""service"" style=""padding:.75rem;border:1px solid #ddd;border-radius:4px"">"
"/services/landscape-design/index.html","<input name=""name"" type=""text"" placeholder=""Name"" required class=""cs-input"" id=""name-485"">"
"/services/landscape-design/index.html","<input name=""phone"" type=""text"" placeholder=""Phone"" required class=""cs-input"" id=""phone-485"">"
"/services/landscape-design/index.html","<input name=""email"" type=""email"" placeholder=""Email"" required class=""cs-input"" id=""email-485"">"
"/services/landscape-design/index.html","<input name=""referral-source"" type=""text"" placeholder=""Google, company truck, or referral"" class=""cs-input"" id=""find-485"">"
"/services/landscape-design/index.html","<select name=""service"" id=""cs-select-485"">"
"/services/landscape-design/index.html","<input name=""name"" type=""text"" placeholder=""Name"" required style=""padding:.75rem;border:1px solid #ddd;border-radius:4px"">"
"/services/landscape-design/index.html","<input name=""email"" type=""email"" placeholder=""Email"" required style=""padding:.75rem;border:1px solid #ddd;border-radius:4px"">"
"/services/landscape-design/index.html","<input name=""phone"" type=""tel"" placeholder=""Phone"" required style=""padding:.75rem;border:1px solid #ddd;border-radius:4px"">"
"/services/landscape-design/index.html","<select name=""service"" style=""padding:.75rem;border:1px solid #ddd;border-radius:4px"">"
"/services/lawn-maintenance/index.html","<input name=""name"" type=""text"" placeholder=""Name"" required class=""cs-input"" id=""name-485"">"
"/services/lawn-maintenance/index.html","<input name=""phone"" type=""text"" placeholder=""Phone"" required class=""cs-input"" id=""phone-485"">"
"/services/lawn-maintenance/index.html","<input name=""email"" type=""email"" placeholder=""Email"" required class=""cs-input"" id=""email-485"">"
"/services/lawn-maintenance/index.html","<input name=""referral-source"" type=""text"" placeholder=""Google, company truck, or referral"" class=""cs-input"" id=""find-485"">"
"/services/lawn-maintenance/index.html","<select name=""service"" id=""cs-select-485"">"
"/services/lawn-maintenance/index.html","<input name=""name"" type=""text"" placeholder=""Name"" required style=""padding:.75rem;border:1px solid #ddd;border-radius:4px"">"
"/services/lawn-maintenance/index.html","<input name=""email"" type=""email"" placeholder=""Email"" required style=""padding:.75rem;border:1px solid #ddd;border-radius:4px"">"
"/services/lawn-maintenance/index.html","<input name=""phone"" type=""tel"" placeholder=""Phone"" required style=""padding:.75rem;border:1px solid #ddd;border-radius:4px"">"
"/services/lawn-maintenance/index.html","<select name=""service"" style=""padding:.75rem;border:1px solid #ddd;border-radius:4px"">"
"/services/paving-stones/index.html","<input name=""name"" type=""text"" placeholder=""Name"" required class=""cs-input"" id=""name-485"">"
"/services/paving-stones/index.html","<input name=""phone"" type=""text"" placeholder=""Phone"" required class=""cs-input"" id=""phone-485"">"
"/services/paving-stones/index.html","<input name=""email"" type=""email"" placeholder=""Email"" required class=""cs-input"" id=""email-485"">"
"/services/paving-stones/index.html","<input name=""referral-source"" type=""text"" placeholder=""Google, company truck, or referral"" class=""cs-input"" id=""find-485"">"
"/services/paving-stones/index.html","<select name=""service"" id=""cs-select-485"">"
"/services/paving-stones/index.html","<input name=""name"" type=""text"" placeholder=""Name"" required style=""padding:.75rem;border:1px solid #ddd;border-radius:4px"">"
"/services/paving-stones/index.html","<input name=""email"" type=""email"" placeholder=""Email"" required style=""padding:.75rem;border:1px solid #ddd;border-radius:4px"">"
"/services/paving-stones/index.html","<input name=""phone"" type=""tel"" placeholder=""Phone"" required style=""padding:.75rem;border:1px solid #ddd;border-radius:4px"">"
"/services/paving-stones/index.html","<select name=""service"" style=""padding:.75rem;border:1px solid #ddd;border-radius:4px"">"
"/services/snow-removal/index.html","<input name=""name"" type=""text"" placeholder=""Name"" required class=""cs-input"" id=""name-485"">"
"/services/snow-removal/index.html","<input name=""phone"" type=""text"" placeholder=""Phone"" required class=""cs-input"" id=""phone-485"">"
"/services/snow-removal/index.html","<input name=""email"" type=""email"" placeholder=""Email"" required class=""cs-input"" id=""email-485"">"
"/services/snow-removal/index.html","<input name=""referral-source"" type=""text"" placeholder=""Google, company truck, or referral"" class=""cs-input"" id=""find-485"">"
"/services/snow-removal/index.html","<select name=""service"" id=""cs-select-485"">"
"/services/snow-removal/index.html","<input name=""name"" type=""text"" placeholder=""Name"" required style=""padding:.75rem;border:1px solid #ddd;border-radius:4px"">"
"/services/snow-removal/index.html","<input name=""email"" type=""email"" placeholder=""Email"" required style=""padding:.75rem;border:1px solid #ddd;border-radius:4px"">"
"/services/snow-removal/index.html","<input name=""phone"" type=""tel"" placeholder=""Phone"" required style=""padding:.75rem;border:1px solid #ddd;border-radius:4px"">"
"/services/snow-removal/index.html","<select name=""service"" style=""padding:.75rem;border:1px solid #ddd;border-radius:4px"">"
"/services/sod-installation/index.html","<input name=""name"" type=""text"" placeholder=""Name"" required class=""cs-input"" id=""name-485"">"
"/services/sod-installation/index.html","<input name=""phone"" type=""text"" placeholder=""Phone"" required class=""cs-input"" id=""phone-485"">"
"/services/sod-installation/index.html","<input name=""email"" type=""email"" placeholder=""Email"" required class=""cs-input"" id=""email-485"">"
"/services/sod-installation/index.html","<input name=""referral-source"" type=""text"" placeholder=""Google, company truck, or referral"" class=""cs-input"" id=""find-485"">"
"/services/sod-installation/index.html","<select name=""service"" id=""cs-select-485"">"
"/services/sod-installation/index.html","<input name=""name"" type=""text"" placeholder=""Name"" required style=""padding:.75rem;border:1px solid #ddd;border-radius:4px"">"
"/services/sod-installation/index.html","<input name=""email"" type=""email"" placeholder=""Email"" required style=""padding:.75rem;border:1px solid #ddd;border-radius:4px"">"
"/services/sod-installation/index.html","<input name=""phone"" type=""tel"" placeholder=""Phone"" required style=""padding:.75rem;border:1px solid #ddd;border-radius:4px"">"
"/services/sod-installation/index.html","<select name=""service"" style=""padding:.75rem;border:1px solid #ddd;border-radius:4px"">"
"/sod-installation/edmonton/index.html","<input class=""cs-input"" required type=""text"" id=""name-485"" name=""name"" placeholder=""Name"">"
"/sod-installation/edmonton/index.html","<input class=""cs-input"" required type=""text"" id=""phone-485"" name=""phone"" placeholder=""Phone"">"
"/sod-installation/edmonton/index.html","<input class=""cs-input"" required type=""email"" id=""email-485"" name=""email"" placeholder=""Email"">"
"/sod-installation/edmonton/index.html","<input class=""cs-input"" type=""text"" id=""find-485"" name=""referral-source"" placeholder=""Google, company truck, or referral"">"
"/sod-installation/edmonton/index.html","<select name=""service"" id=""cs-select-485"">"
"/sod-installation/edmonton/index.html","<input type=""text"" name=""name"" placeholder=""Name"" required style=""padding: 0.75rem; border: 1px solid #ddd; border-radius: 4px;"">"
"/sod-installation/edmonton/index.html","<input type=""email"" name=""email"" placeholder=""Email"" required style=""padding: 0.75rem; border: 1px solid #ddd; border-radius: 4px;"">"
"/sod-installation/edmonton/index.html","<input type=""tel"" name=""phone"" placeholder=""Phone"" required style=""padding: 0.75rem; border: 1px solid #ddd; border-radius: 4px;"">"
"/sod-installation/edmonton/index.html","<select name=""service"" style=""padding: 0.75rem; border: 1px solid #ddd; border-radius: 4px;"">"
"/sod-installation/sherwood-park/index.html","<input name=""name"" type=""text"" placeholder=""Name"" required class=""cs-input"" id=""name-485"">"
"/sod-installation/sherwood-park/index.html","<input name=""phone"" type=""text"" placeholder=""Phone"" required class=""cs-input"" id=""phone-485"">"
"/sod-installation/sherwood-park/index.html","<input name=""email"" type=""email"" placeholder=""Email"" required class=""cs-input"" id=""email-485"">"
"/sod-installation/sherwood-park/index.html","<input name=""referral-source"" type=""text"" placeholder=""Google, company truck, or referral"" class=""cs-input"" id=""find-485"">"
"/sod-installation/sherwood-park/index.html","<select name=""service"" id=""cs-select-485"">"
"/sod-installation/sherwood-park/index.html","<input name=""name"" type=""text"" placeholder=""Name"" required style=""padding:.75rem;border:1px solid #ddd;border-radius:4px"">"
"/sod-installation/sherwood-park/index.html","<input name=""email"" type=""email"" placeholder=""Email"" required style=""padding:.75rem;border:1px solid #ddd;border-radius:4px"">"
"/sod-installation/sherwood-park/index.html","<input name=""phone"" type=""tel"" placeholder=""Phone"" required style=""padding:.75rem;border:1px solid #ddd;border-radius:4px"">"
"/sod-installation/sherwood-park/index.html","<select name=""service"" style=""padding:.75rem;border:1px solid #ddd;border-radius:4px"">"
"/sod-installation/st-albert/index.html","<input name=""name"" type=""text"" placeholder=""Name"" required class=""cs-input"" id=""name-485"">"
"/sod-installation/st-albert/index.html","<input name=""phone"" type=""text"" placeholder=""Phone"" required class=""cs-input"" id=""phone-485"">"
"/sod-installation/st-albert/index.html","<input name=""email"" type=""email"" placeholder=""Email"" required class=""cs-input"" id=""email-485"">"
"/sod-installation/st-albert/index.html","<input name=""referral-source"" type=""text"" placeholder=""Google, company truck, or referral"" class=""cs-input"" id=""find-485"">"
"/sod-installation/st-albert/index.html","<select name=""service"" id=""cs-select-485"">"
"/sod-installation/st-albert/index.html","<input name=""name"" type=""text"" placeholder=""Name"" required style=""padding:.75rem;border:1px solid #ddd;border-radius:4px"">"
"/sod-installation/st-albert/index.html","<input name=""email"" type=""email"" placeholder=""Email"" required style=""padding:.75rem;border:1px solid #ddd;border-radius:4px"">"
"/sod-installation/st-albert/index.html","<input name=""phone"" type=""tel"" placeholder=""Phone"" required style=""padding:.75rem;border:1px solid #ddd;border-radius:4px"">"
"/sod-installation/st-albert/index.html","<select name=""service"" style=""padding:.75rem;border:1px solid #ddd;border-radius:4px"">"
