"Url","Title","TitleLength","Description","DescriptionLength","H1Count","H1Text","H2Count","WordCount","InternalLinks","InternalUniqueLinks","KeywordCounts"
"/","Professional Landscaping Edmonton AB | Serene Landscaping","57","Professional landscaping in Edmonton, St. Albert, Spruce Grove & Sherwood Park. Design, lawn care, hardscaping, snow removal. Call (587) 566-9879","145","1","Premium Landscaping In Edmonton","8","927","75","22","final grading edmonton:1; hardscaping edmonton:0; landscape design edmonton:0; landscaping sherwood park:0; paving contractor st albert:0; paving stones edmonton:0; sod installation edmonton:1"
"/about/","About Serene Landscaping | Edmonton Landscapers","47","Family-owned Edmonton landscaping company. 8+ years experience, licensed and insured. Professional landscape design, lawn care, and hardscaping across Greater Edmonton.","168","1","About Serene Landscaping","5","1303","49","23","final grading edmonton:1; hardscaping edmonton:0; landscape design edmonton:0; landscaping sherwood park:0; paving contractor st albert:0; paving stones edmonton:0; sod installation edmonton:1"
"/admin/","Content Manager","15","","0","1","{title}","0","2","0","0","final grading edmonton:0; hardscaping edmonton:0; landscape design edmonton:0; landscaping sherwood park:0; paving contractor st albert:0; paving stones edmonton:0; sod installation edmonton:0"
"/blog/","Landscaping Blog Edmonton | Tips & Guides","41","Landscaping tips, guides, and expert advice for Edmonton homeowners. Learn about lawn care, hardscaping, snow removal, and more.","128","0","","9","478","46","29","final grading edmonton:3; hardscaping edmonton:0; landscape design edmonton:0; landscaping sherwood park:0; paving contractor st albert:0; paving stones edmonton:0; sod installation edmonton:1"
"/blog/acuti-modo/","Acuti modo","10","Lorem markdownum tardantis unam mitissima dissimulator inposuit   corpus sintque tura tremenda, nec coetum.","107","1","Acuti modo","4","492","29","18","final grading edmonton:0; hardscaping edmonton:0; landscape design edmonton:0; landscaping sherwood park:0; paving contractor st albert:0; paving stones edmonton:0; sod installation edmonton:0"
"/blog/best-mulch-edmonton/","Best Mulch for Edmonton Gardens | Complete Guide 2025","53","Best mulch types for Edmonton gardens. Compare organic and inorganic mulch options for Alberta's climate and soil conditions.","125","1","Best Mulch for Edmonton Gardens | Complete Guide 2025","0","1599","38","22","final grading edmonton:2; hardscaping edmonton:0; landscape design edmonton:0; landscaping sherwood park:0; paving contractor st albert:0; paving stones edmonton:0; sod installation edmonton:1"
"/blog/best-time-install-sod-edmonton/","When to Install Sod Edmonton | Spring vs Fall Timing","52","Best time to install sod in Edmonton. Compare spring vs fall sod installation timing, weather conditions, and success rates.","124","1","When to Install Sod Edmonton | Spring vs Fall Timing","0","2127","39","22","final grading edmonton:2; hardscaping edmonton:0; landscape design edmonton:0; landscaping sherwood park:0; paving contractor st albert:0; paving stones edmonton:0; sod installation edmonton:1"
"/blog/canitiem-saxa/","Canitiem Saxa","13","Lorem markdownum trabeati dicere deus.","38","1","Canitiem Saxa","2","518","30","18","final grading edmonton:0; hardscaping edmonton:0; landscape design edmonton:0; landscaping sherwood park:0; paving contractor st albert:0; paving stones edmonton:0; sod installation edmonton:0"
"/blog/choose-landscaper-edmonton/","How to Choose a Landscaper Edmonton | Hiring Guide","50","How to choose the right landscaper in Edmonton. Questions to ask, what to look for, and red flags to avoid when hiring.","119","1","How to Choose a Landscaper Edmonton | Hiring Guide","0","1885","42","23","final grading edmonton:2; hardscaping edmonton:0; landscape design edmonton:0; landscaping sherwood park:0; paving contractor st albert:0; paving stones edmonton:0; sod installation edmonton:1"
"/blog/final-grading-edmonton/","Final Grading Edmonton | New Construction Requirements","54","Final grading requirements for new construction in Edmonton. Building code compliance, permits, and professional grading services.","130","1","Final Grading Edmonton | New Construction Requirements","0","1768","40","22","final grading edmonton:4; hardscaping edmonton:0; landscape design edmonton:0; landscaping sherwood park:0; paving contractor st albert:0; paving stones edmonton:0; sod installation edmonton:1"
"/blog/lawn-problems-edmonton/","Common Lawn Problems Edmonton | Diagnosis & Solutions","53","Common lawn problems in Edmonton and how to fix them. Brown patches, weeds, disease, and pest issues in Alberta lawns.","118","1","Common Lawn Problems Edmonton | Diagnosis & Solutions","0","1694","39","23","final grading edmonton:2; hardscaping edmonton:0; landscape design edmonton:0; landscaping sherwood park:0; paving contractor st albert:0; paving stones edmonton:0; sod installation edmonton:1"
"/blog/patio-cost-edmonton/","Patio Cost Edmonton | Average Prices 2026","41","How much does a patio cost in Edmonton? Complete guide to patio installation prices, materials, and factors affecting cost.","123","1","Patio Cost Edmonton | Average Prices 2026","0","1733","39","22","final grading edmonton:2; hardscaping edmonton:0; landscape design edmonton:0; landscaping sherwood park:0; paving contractor st albert:0; paving stones edmonton:0; sod installation edmonton:1"
"/blog/prepare-snow-removal-edmonton/","Prepare for Snow Removal | Edmonton Winter Property Prep","56","How to prepare your property for snow removal in Edmonton. Winter preparation tips for homeowners and businesses.","113","1","Prepare for Snow Removal | Edmonton Winter Property Prep","0","1600","37","23","final grading edmonton:2; hardscaping edmonton:0; landscape design edmonton:0; landscaping sherwood park:0; paving contractor st albert:0; paving stones edmonton:0; sod installation edmonton:1"
"/blog/retaining-wall-cost-edmonton/","Retaining Wall Cost Edmonton | Prices & Options 2025","52","How much does a retaining wall cost in Edmonton? Complete pricing guide for different materials, sizes, and installation factors.","129","1","Retaining Wall Cost Edmonton | Prices & Options 2025","0","1465","38","22","final grading edmonton:2; hardscaping edmonton:0; landscape design edmonton:0; landscaping sherwood park:0; paving contractor st albert:0; paving stones edmonton:0; sod installation edmonton:1"
"/blog/spring-lawn-care-edmonton/","Spring Lawn Care Edmonton | When to Start in 2025","49","When should you start spring lawn care in Edmonton? Complete guide to mowing, aerating, fertilizing your lawn in Edmonton's climate.","132","1","Spring Lawn Care Edmonton | When to Start in 2025","0","1932","40","23","final grading edmonton:2; hardscaping edmonton:0; landscape design edmonton:0; landscaping sherwood park:0; paving contractor st albert:0; paving stones edmonton:0; sod installation edmonton:1"
"/blog/sucos-creati/","Sucos Creati","12","Lorem markdownum Talia. Carinae equis.","38","1","Sucos Creati","4","467","29","18","final grading edmonton:0; hardscaping edmonton:0; landscape design edmonton:0; landscaping sherwood park:0; paving contractor st albert:0; paving stones edmonton:0; sod installation edmonton:0"
"/commercial/","Commercial Landscaping Services Edmonton | Serene Landscaping","61","Commercial landscaping for Edmonton businesses. Property maintenance, lawn care, and snow removal. Reliable service for property managers and businesses.","153","1","Commercial Landscaping in Edmonton","10","944","47","20","final grading edmonton:1; hardscaping edmonton:0; landscape design edmonton:0; landscaping sherwood park:0; paving contractor st albert:0; paving stones edmonton:0; sod installation edmonton:1"
"/commercial/commercial-landscaping/","Commercial Landscape Construction Edmonton | Serene Landscaping","63","Full-service commercial landscaping in Edmonton. Design, installation, and property upgrades for businesses, property managers, and developers.","143","1","Commercial Landscaping in Edmonton","7","643","42","20","final grading edmonton:1; hardscaping edmonton:0; landscape design edmonton:0; landscaping sherwood park:0; paving contractor st albert:0; paving stones edmonton:0; sod installation edmonton:1"
"/commercial/commercial-maintenance/","Commercial Landscape Maintenance Edmonton | Serene Landscaping","62","Ongoing commercial lawn care and property maintenance in Edmonton. Mowing, spring and fall cleanups, seasonal upkeep for businesses, property managers, and condo boards.","169","1","Commercial Property Maintenance in Edmonton","7","674","42","21","final grading edmonton:1; hardscaping edmonton:0; landscape design edmonton:0; landscaping sherwood park:0; paving contractor st albert:0; paving stones edmonton:0; sod installation edmonton:1"
"/commercial/commercial-snow-removal/","Commercial Snow Removal Edmonton | Serene Landscaping","53","Commercial snow removal and plowing in Edmonton. Parking lot plowing, walkway clearing, 24/7 service. Contract pricing for businesses, property managers, and condo boards.","171","1","Commercial Snow Removal in Edmonton","7","705","40","21","final grading edmonton:1; hardscaping edmonton:0; landscape design edmonton:0; landscaping sherwood park:0; paving contractor st albert:0; paving stones edmonton:0; sod installation edmonton:1"
"/contact/","Contact Us | Serene Landscaping Edmonton","40","Get a free landscaping quote. Contact Serene Landscaping at (587) 566-9879. Professional services across Edmonton and surrounding areas. Fast response.","151","1","Get Your Free Landscaping Quote","3","665","43","22","final grading edmonton:1; hardscaping edmonton:0; landscape design edmonton:0; landscaping sherwood park:0; paving contractor st albert:0; paving stones edmonton:0; sod installation edmonton:1"
"/final-grading/edmonton/","Final Grading Edmonton | City Inspection &amp; Bylaw 18093","58","Final grading for Edmonton new construction homes. City inspection standards, Lot Grading Certificate requirements, and Drainage Bylaw 18093 compliance. Pass inspection the first time.","184","1","Final Grading
                    in Edmonton","9","720","52","26","final grading edmonton:2; hardscaping edmonton:0; landscape design edmonton:1; landscaping sherwood park:0; paving contractor st albert:0; paving stones edmonton:0; sod installation edmonton:1"
"/final-grading/sherwood-park/","Final Grading Sherwood Park | Serene Landscaping","48","Final grading in Sherwood Park for new construction and drainage correction. Proper slope, smooth topsoil, and ready for sod.","125","1","Final Grading in Sherwood Park","7","500","42","23","final grading edmonton:1; hardscaping edmonton:0; landscape design edmonton:0; landscaping sherwood park:0; paving contractor st albert:0; paving stones edmonton:0; sod installation edmonton:1"
"/final-grading/st-albert/","Final Grading St. Albert | Serene Landscaping","45","Final grading for St. Albert homes. Preserve drainage patterns, protect swales, and maintain proper slope. Prepare your lot for sod installation.","145","1","Final Grading in St. Albert","9","674","42","20","final grading edmonton:1; hardscaping edmonton:0; landscape design edmonton:0; landscaping sherwood park:0; paving contractor st albert:0; paving stones edmonton:0; sod installation edmonton:1"
"/hardscaping/edmonton/","Hardscaping Edmonton | Patios, Walkways &amp; Retaining Walls","61","Hardscaping in Edmonton with patios, walkways, retaining walls, and outdoor living spaces. Proper base prep, compaction, and drainage. Free quotes.","147","1","Hardscaping
                    in Edmonton","9","691","52","26","final grading edmonton:1; hardscaping edmonton:1; landscape design edmonton:0; landscaping sherwood park:0; paving contractor st albert:0; paving stones edmonton:0; sod installation edmonton:1"
"/hardscaping/st-albert/","Hardscaping St. Albert | Serene Landscaping","43","Hardscaping in St. Albert for patios, walkways, and retaining walls. Proper base prep, clean edges, and durable installs.","121","1","Hardscaping in St. Albert","8","549","43","21","final grading edmonton:1; hardscaping edmonton:0; landscape design edmonton:0; landscaping sherwood park:0; paving contractor st albert:0; paving stones edmonton:0; sod installation edmonton:1"
"/locations/edmonton/","Edmonton Landscaping Services | Patios, Sod & Final Grading","59","Professional landscaping services in Edmonton. Final grading, sod installation, patios and walkways, lawn maintenance, snow removal and commercial landscaping. Call 587-566-9879.","178","1","Landscaping Services in Edmonton","12","909","47","20","final grading edmonton:1; hardscaping edmonton:0; landscape design edmonton:0; landscaping sherwood park:0; paving contractor st albert:0; paving stones edmonton:0; sod installation edmonton:1"
"/locations/sherwood-park/","Sherwood Park Landscaping Services | Sod, Patios & Lawn Care","60","Professional landscaping services in Sherwood Park. Lawn replacement, sod, patios and walkways, retaining walls, seasonal cleanups, snow removal and commercial landscaping. Call 587-566-9879.","191","1","Landscaping Services in Sherwood Park","11","781","44","21","final grading edmonton:1; hardscaping edmonton:0; landscape design edmonton:1; landscaping sherwood park:0; paving contractor st albert:0; paving stones edmonton:0; sod installation edmonton:1"
"/locations/spruce-grove/","Spruce Grove Landscaping Services | Landscape Design &amp; Lawn Care | Serene Landscaping","89","Professional landscaping services in Spruce Grove, Alberta. Landscape design, lawn maintenance, snow removal, and hardscaping for residential and commercial properties. Serving Spruce Grove and surrounding areas.","212","1","Landscaping Services in Spruce Grove","10","1191","44","20","final grading edmonton:0; hardscaping edmonton:0; landscape design edmonton:0; landscaping sherwood park:0; paving contractor st albert:0; paving stones edmonton:0; sod installation edmonton:0"
"/locations/st-albert/","St. Albert Landscaping Services | Patios, Sod & Final Grading","61","Professional landscaping services in St. Albert. Final grading, sod installation, patios and walkways, lawn maintenance, snow removal and commercial landscaping. Call 587-566-9879.","180","1","Landscaping Services in St. Albert","11","790","45","22","final grading edmonton:1; hardscaping edmonton:0; landscape design edmonton:0; landscaping sherwood park:0; paving contractor st albert:0; paving stones edmonton:0; sod installation edmonton:1"
"/locations/stony-plain/","Stony Plain Landscaping Services | Landscape Design &amp; Lawn Care | Serene Landscaping","88","Professional landscaping services in Stony Plain, Alberta. Landscape design, lawn maintenance, snow removal, and hardscaping for residential and commercial properties. Serving Stony Plain and surrounding areas.","210","1","Professional Landscaping Services in Stony Plain, Alberta","5","737","37","20","final grading edmonton:0; hardscaping edmonton:0; landscape design edmonton:0; landscaping sherwood park:0; paving contractor st albert:0; paving stones edmonton:0; sod installation edmonton:0"
"/paving-stones/edmonton/","Paving Stones Edmonton | Patios, Walkways &amp; Driveways","57","Interlocking paver patios, walkways, and driveways in Edmonton. Proper base prep, compaction, and finishing. Free quotes. Call 587-566-9879.","140","1","Paving Stones
                    in Edmonton","9","676","52","27","final grading edmonton:1; hardscaping edmonton:0; landscape design edmonton:1; landscaping sherwood park:0; paving contractor st albert:0; paving stones edmonton:1; sod installation edmonton:1"
"/paving-stones/st-albert/","Paving Stones St. Albert | Serene Landscaping","45","Paving stone patios and walkways in St. Albert. Proper base prep, clean edges, and durable paver installs.","106","1","Paving Stones in St. Albert","8","525","43","21","final grading edmonton:1; hardscaping edmonton:0; landscape design edmonton:0; landscaping sherwood park:0; paving contractor st albert:0; paving stones edmonton:0; sod installation edmonton:1"
"/portfolio/","Landscaping Portfolio | Serene Landscaping","42","View our completed landscaping projects across Edmonton and area. Residential and commercial landscape design, patios, hardscaping, and lawn installations.","155","1","Completed Landscaping Projects in Edmonton, St. Albert, Spruce Grove & Sherwood Park","2","406","41","21","final grading edmonton:1; hardscaping edmonton:0; landscape design edmonton:0; landscaping sherwood park:0; paving contractor st albert:0; paving stones edmonton:0; sod installation edmonton:1"
"/project-one/","Project One | Code Stitch Web Designs","37","Meta description for the page","29","0","","2","157","31","17","final grading edmonton:0; hardscaping edmonton:0; landscape design edmonton:0; landscaping sherwood park:0; paving contractor st albert:0; paving stones edmonton:0; sod installation edmonton:0"
"/project-two/","Project Two | Code Stitch Web Designs","37","Meta description for the page","29","0","","2","157","31","17","final grading edmonton:0; hardscaping edmonton:0; landscape design edmonton:0; landscaping sherwood park:0; paving contractor st albert:0; paving stones edmonton:0; sod installation edmonton:0"
"/residential/","Residential Landscaping Edmonton | Serene Landscaping","53","Residential landscaping for Edmonton homeowners. Landscape design, lawn maintenance, patios, and seasonal services. Licensed, insured, trusted. Free quotes.","156","1","Residential Landscaping in Edmonton","10","1150","50","24","final grading edmonton:1; hardscaping edmonton:0; landscape design edmonton:0; landscaping sherwood park:0; paving contractor st albert:0; paving stones edmonton:0; sod installation edmonton:1"
"/resources/residential-vs-commercial-lawn-maintenance/","Residential vs. Commercial Lawn Maintenance in Edmonton: What&#39;s Different? | Serene Landscaping","99","What&#39;s the difference between residential and commercial lawn maintenance in Edmonton? Compare service frequency, equipment, pricing, and scheduling. Serving Edmonton, St. Albert, Spruce Grove, and Sherwood Park.","216","1","Residential vs. Commercial Lawn Maintenance in Edmonton: What's Different?","7","873","34","19","final grading edmonton:0; hardscaping edmonton:0; landscape design edmonton:0; landscaping sherwood park:0; paving contractor st albert:0; paving stones edmonton:0; sod installation edmonton:0"
"/resources/spring-vs-fall-cleanup/","Spring vs. Fall Cleanup in Edmonton: Which Does Your Property Need? | Serene Landscaping","88","What&#39;s the difference between spring and fall cleanup in Edmonton? Compare timing, services included, and benefits. Serving Edmonton, St. Albert, Spruce Grove, and Sherwood Park.","182","1","Spring vs. Fall Cleanup in Edmonton: Which Does Your Property Need?","8","994","34","19","final grading edmonton:0; hardscaping edmonton:0; landscape design edmonton:0; landscaping sherwood park:0; paving contractor st albert:0; paving stones edmonton:0; sod installation edmonton:0"
"/reviews/","Serene Landscaping Reviews | Customer Testimonials | Edmonton Landscaping","73","Read verified Google reviews from satisfied customers of Serene Landscaping in Edmonton. Real feedback from homeowners and businesses about our landscape design, lawn maintenance, and snow removal services.","206","0","","2","580","31","17","final grading edmonton:0; hardscaping edmonton:0; landscape design edmonton:0; landscaping sherwood park:0; paving contractor st albert:0; paving stones edmonton:0; sod installation edmonton:0"
"/services/artificial-grass/","Artificial Grass Edmonton | Synthetic Turf Installation","55","Professional artificial grass and synthetic turf installation in Edmonton. Low-maintenance, pet-friendly, year-round green lawns. Backyards, patios, balconies, putting greens. Call 587-566-9879.","194","1","Artificial Grass in Edmonton","9","739","40","21","final grading edmonton:1; hardscaping edmonton:0; landscape design edmonton:0; landscaping sherwood park:0; paving contractor st albert:0; paving stones edmonton:0; sod installation edmonton:1"
"/services/fences/","Fence Installation Edmonton | Serene Landscaping","48","Professional fence installation in Edmonton. Cedar fences, vinyl fences, gates, and fence repairs. Quality materials, expert installation for residential and commercial properties.","180","1","Fence Installation in Edmonton","9","712","40","20","final grading edmonton:1; hardscaping edmonton:0; landscape design edmonton:0; landscaping sherwood park:0; paving contractor st albert:0; paving stones edmonton:0; sod installation edmonton:1"
"/services/final-grading/","Final Grading Edmonton | Serene Landscaping","43","Professional final grading in Edmonton for new construction and drainage correction. Topsoil preparation, slope correction, and site prep for landscaping projects.","163","1","Final Grading in Edmonton","9","753","44","21","final grading edmonton:2; hardscaping edmonton:0; landscape design edmonton:0; landscaping sherwood park:0; paving contractor st albert:0; paving stones edmonton:0; sod installation edmonton:1"
"/services/hardscaping/","Hardscaping & Patios Edmonton | Serene Landscaping","50","Hardscaping services in Edmonton. Interlocking paver patios, walkways, retaining walls. Quality materials, expert installation.","127","1","Hardscaping & Patios in Edmonton","9","973","41","22","final grading edmonton:1; hardscaping edmonton:0; landscape design edmonton:0; landscaping sherwood park:0; paving contractor st albert:0; paving stones edmonton:0; sod installation edmonton:1"
"/services/landscape-design/","Landscape Design Edmonton | Serene Landscaping","46","Custom landscape design and installation in Edmonton. Sod, garden beds, drainage solutions. Professional design for residential and commercial properties.","154","1","Landscape Design in Edmonton","9","771","40","21","final grading edmonton:1; hardscaping edmonton:0; landscape design edmonton:1; landscaping sherwood park:0; paving contractor st albert:0; paving stones edmonton:0; sod installation edmonton:1"
"/services/lawn-maintenance/","Lawn Maintenance Edmonton | Serene Landscaping","46","Professional lawn maintenance in Edmonton. Weekly and bi-weekly mowing, spring and fall cleanups. Residential and commercial programs. Reliable service.","152","1","Lawn Maintenance in Edmonton","9","934","44","22","final grading edmonton:1; hardscaping edmonton:0; landscape design edmonton:0; landscaping sherwood park:0; paving contractor st albert:0; paving stones edmonton:0; sod installation edmonton:1"
"/services/paving-stones/","Paving Stones Edmonton | Serene Landscaping","43","Paving stone patios, walkways, and driveways in Edmonton. Proper base prep, clean edges, and durable paver installs.","116","1","Paving Stones in Edmonton","10","732","41","21","final grading edmonton:1; hardscaping edmonton:0; landscape design edmonton:0; landscaping sherwood park:0; paving contractor st albert:0; paving stones edmonton:1; sod installation edmonton:1"
"/services/snow-removal/","Residential Snow Removal Edmonton | Serene Landscaping","54","24/7 residential snow removal in Edmonton. Driveway plowing, walkway clearing, ice control. Reliable service for homeowners in Edmonton, St. Albert, Spruce Grove, and Sherwood Park.","181","1","Snow Removal in Edmonton","9","941","46","23","final grading edmonton:1; hardscaping edmonton:0; landscape design edmonton:0; landscaping sherwood park:0; paving contractor st albert:0; paving stones edmonton:0; sod installation edmonton:1"
"/services/sod-installation/","Sod Installation Edmonton | Serene Landscaping","46","Professional sod installation in Edmonton for new lawns and replacements. Base prep, grading checks, rollout, and aftercare so your lawn establishes and lasts.","159","1","Sod Installation in Edmonton","11","908","45","22","final grading edmonton:1; hardscaping edmonton:0; landscape design edmonton:0; landscaping sherwood park:0; paving contractor st albert:0; paving stones edmonton:0; sod installation edmonton:2"
"/sod-installation/edmonton/","Sod Installation Edmonton | New Lawns Done Right","48","Professional sod installation in Edmonton with proper grading, soil prep, and drainage. Fast results, healthy lawns, and long-term performance. Free estimates.","159","1","Sod Installation
                    in Edmonton","9","679","52","26","final grading edmonton:1; hardscaping edmonton:0; landscape design edmonton:1; landscaping sherwood park:0; paving contractor st albert:0; paving stones edmonton:0; sod installation edmonton:2"
"/sod-installation/sherwood-park/","Sod Installation Sherwood Park | Serene Landscaping","51","Sod installation in Sherwood Park for new lawns and replacements. Proper base prep, tight seams, and fast rooting.","114","1","Sod Installation in Sherwood Park","8","656","42","24","final grading edmonton:1; hardscaping edmonton:0; landscape design edmonton:0; landscaping sherwood park:0; paving contractor st albert:0; paving stones edmonton:0; sod installation edmonton:1"
"/sod-installation/st-albert/","Sod Installation St. Albert | Serene Landscaping","48","Professional sod installation in St. Albert. Kentucky Bluegrass blends, proper base prep, clean edges, and fast rooting.","120","1","Sod Installation in St. Albert","8","667","43","23","final grading edmonton:1; hardscaping edmonton:0; landscape design edmonton:0; landscaping sherwood park:0; paving contractor st albert:0; paving stones edmonton:0; sod installation edmonton:1"
